"state","district","market","commodity","variety","arrival_date","min_price","max_price","modal_price","update_date"
"Kerala","Idukki","Kattappana","Coffee","Other","22/05/2023","21000","22000","22000","2023-11-05"
"Kerala","Idukki","Kattappana","Coffee","Other","24/05/2023","21500","22000","22000","2023-11-05"
"Kerala","Idukki","Kattappana","Coffee","Other","26/05/2023","1000","2000","1500","2023-11-05"
"Kerala","Idukki","Kattappana","Coffee","Other","09/06/2023","22000","22000","22000","2023-11-05"
"Kerala","Idukki","Kattappana","Coffee","Other","10/06/2023","22000","22800","22000","2023-11-05"
"Kerala","Idukki","Kattappana","Coffee","Other","12/06/2023","22000","23100","22500","2023-11-05"
"Kerala","Idukki","Kattappana","Coffee","Other","13/06/2023","22000","23100","22600","2023-11-05"
"Kerala","Idukki","Kattappana","Coffee","Other","17/06/2023","22000","23500","23000","2023-11-05"
"Kerala","Idukki","Kattappana","Coffee","Other","20/06/2023","22000","23500","23000","2023-11-05"
"Kerala","Idukki","Kattappana","Coffee","Other","22/06/2023","22000","23000","22800","2023-11-05"
"Kerala","Idukki","Kattappana","Coffee","Other","01/07/2023","22000","23200","22500","2023-11-05"
"Kerala","Idukki","Kattappana","Coffee","Other","03/07/2023","22000","22800","22000","2023-11-05"
"Kerala","Idukki","Kattappana","Coffee","Other","04/07/2023","22000","23200","22600","2023-11-05"
"Kerala","Idukki","Kattappana","Coffee","Other","05/07/2023","22000","23100","22800","2023-11-05"
"Kerala","Idukki","Kattappana","Coffee","Other","06/07/2023","22000","23100","22500","2023-11-05"
"Kerala","Idukki","Kattappana","Coffee","Other","17/07/2023","22500","23000","23000","2023-11-05"
"Kerala","Idukki","Kattappana","Coffee","Other","18/07/2023","23000","23000","23000","2023-11-05"
"Kerala","Idukki","Kattappana","Coffee","Other","19/07/2023","23000","23000","23000","2023-11-05"
"Kerala","Idukki","Kattappana","Coffee","Other","20/07/2023","23000","23000","23000","2023-11-05"
"Kerala","Idukki","Kattappana","Coffee","Other","01/08/2023","21500","23000","22500","2023-11-05"
"Kerala","Idukki","Kattappana","Coffee","Other","03/08/2023","21000","23000","22500","2023-11-05"
"Kerala","Idukki","Kattappana","Coffee","Other","15/08/2023","22000","23400","23000","2023-11-05"
"Kerala","Idukki","Kattappana","Coffee","Other","18/08/2023","22000","23500","23000","2023-11-05"
"Kerala","Idukki","Kattappana","Coffee","Other","25/08/2023","22000","23400","23000","2023-11-05"
"Kerala","Idukki","Kattappana","Coffee","Other","03/11/2023","22000","23500","23000","2023-11-05"
"Kerala","Idukki","Kattappana","Coffee","Other","04/11/2023","23000","23500","23500","2023-11-05"
"Kerala","Wayanad","Kalpetta","Coffee","Other","02/01/2023","15900","16000","16000","2023-11-05"
"Kerala","Wayanad","Kalpetta","Coffee","Other","03/01/2023","15900","16000","16000","2023-11-05"
"Kerala","Wayanad","Kalpetta","Coffee","Other","04/01/2023","15600","15700","15700","2023-11-05"
"Kerala","Wayanad","Kalpetta","Coffee","Other","07/01/2023","15900","16000","16000","2023-11-05"
"Kerala","Wayanad","Kalpetta","Coffee","Other","08/01/2023","15700","15800","15800","2023-11-05"
"Kerala","Wayanad","Kalpetta","Coffee","Other","09/01/2023","15900","16000","16000","2023-11-05"
"Kerala","Wayanad","Kalpetta","Coffee","Other","10/01/2023","15900","16000","16000","2023-11-05"
"Kerala","Wayanad","Kalpetta","Coffee","Other","11/01/2023","15900","16000","16000","2023-11-05"
"Kerala","Wayanad","Kalpetta","Coffee","Other","12/01/2023","15900","16000","16000","2023-11-05"
"Kerala","Wayanad","Kalpetta","Coffee","Other","13/01/2023","15900","16000","16000","2023-11-05"
"Kerala","Wayanad","Kalpetta","Coffee","Other","14/01/2023","15900","16000","16000","2023-11-05"
"Kerala","Wayanad","Kalpetta","Coffee","Other","16/01/2023","16100","16200","16200","2023-11-05"
"Kerala","Wayanad","Kalpetta","Coffee","Other","17/01/2023","16100","16200","16200","2023-11-05"
"Kerala","Wayanad","Kalpetta","Coffee","Other","18/01/2023","16000","16100","16100","2023-11-05"
"Kerala","Wayanad","Kalpetta","Coffee","Other","19/01/2023","16100","16200","16200","2023-11-05"
"Kerala","Wayanad","Kalpetta","Coffee","Other","20/01/2023","16200","16300","16300","2023-11-05"
"Kerala","Wayanad","Kalpetta","Coffee","Other","21/01/2023","16200","16300","16300","2023-11-05"
"Kerala","Wayanad","Kalpetta","Coffee","Other","22/01/2023","16200","16300","16300","2023-11-05"
"Kerala","Wayanad","Kalpetta","Coffee","Other","23/01/2023","16200","16300","16300","2023-11-05"
"Kerala","Wayanad","Kalpetta","Coffee","Other","24/01/2023","16100","16200","16200","2023-11-05"
"Kerala","Wayanad","Kalpetta","Coffee","Other","25/01/2023","16100","16200","16200","2023-11-05"
"Kerala","Wayanad","Kalpetta","Coffee","Other","26/01/2023","16200","16300","16300","2023-11-05"
"Kerala","Wayanad","Kalpetta","Coffee","Other","27/01/2023","16200","16300","16300","2023-11-05"
"Kerala","Wayanad","Kalpetta","Coffee","Other","28/01/2023","16300","16400","16400","2023-11-05"
"Kerala","Wayanad","Kalpetta","Coffee","Other","29/01/2023","16300","16400","16400","2023-11-05"
"Kerala","Wayanad","Kalpetta","Coffee","Other","30/01/2023","16700","16800","16800","2023-11-05"
"Kerala","Wayanad","Kalpetta","Coffee","Other","31/01/2023","16700","16800","16800","2023-11-05"
"Kerala","Wayanad","Kalpetta","Coffee","Other","01/02/2023","17100","17200","17200","2023-11-05"
"Kerala","Wayanad","Kalpetta","Coffee","Other","02/02/2023","17200","17300","17300","2023-11-05"
"Kerala","Wayanad","Kalpetta","Coffee","Other","03/02/2023","17600","17700","17700","2023-11-05"
"Kerala","Wayanad","Kalpetta","Coffee","Other","04/02/2023","17600","17700","17700","2023-11-05"
"Kerala","Wayanad","Kalpetta","Coffee","Other","06/02/2023","17700","17800","17800","2023-11-05"
"Kerala","Wayanad","Kalpetta","Coffee","Other","07/02/2023","17700","17800","17800","2023-11-05"
"Kerala","Wayanad","Kalpetta","Coffee","Other","08/02/2023","17700","17800","17800","2023-11-05"
"Kerala","Wayanad","Kalpetta","Coffee","Other","09/02/2023","17700","17800","17800","2023-11-05"
"Kerala","Wayanad","Kalpetta","Coffee","Other","10/02/2023","17700","17800","17800","2023-11-05"
"Kerala","Wayanad","Kalpetta","Coffee","Other","11/02/2023","17900","18000","18000","2023-11-05"
"Kerala","Wayanad","Kalpetta","Coffee","Other","13/02/2023","17800","17900","17900","2023-11-05"
"Kerala","Wayanad","Kalpetta","Coffee","Other","14/02/2023","18100","18200","18200","2023-11-05"
"Kerala","Wayanad","Kalpetta","Coffee","Other","15/02/2023","18200","18300","18300","2023-11-05"
"Kerala","Wayanad","Kalpetta","Coffee","Other","16/02/2023","18300","18400","18400","2023-11-05"
"Kerala","Wayanad","Kalpetta","Coffee","Other","17/02/2023","18400","18500","18500","2023-11-05"
"Kerala","Wayanad","Kalpetta","Coffee","Other","20/02/2023","18400","18500","18500","2023-11-05"
"Kerala","Wayanad","Kalpetta","Coffee","Other","21/02/2023","18700","18800","18800","2023-11-05"
"Kerala","Wayanad","Kalpetta","Coffee","Other","22/02/2023","18800","18900","18900","2023-11-05"
"Kerala","Wayanad","Kalpetta","Coffee","Other","23/02/2023","19300","19400","19400","2023-11-05"
"Kerala","Wayanad","Kalpetta","Coffee","Other","24/02/2023","19200","19300","19300","2023-11-05"
"Kerala","Wayanad","Kalpetta","Coffee","Other","25/02/2023","19900","20000","20000","2023-11-05"
"Kerala","Wayanad","Kalpetta","Coffee","Other","27/02/2023","19900","20000","20000","2023-11-05"
"Kerala","Wayanad","Kalpetta","Coffee","Other","28/02/2023","11900","12000","12000","2023-11-05"
"Kerala","Wayanad","Kalpetta","Coffee","Other","01/03/2023","20100","20200","20200","2023-11-05"
"Kerala","Wayanad","Kalpetta","Coffee","Other","02/03/2023","20100","20200","20200","2023-11-05"
"Kerala","Wayanad","Kalpetta","Coffee","Other","03/03/2023","20100","20200","20200","2023-11-05"
"Kerala","Wayanad","Kalpetta","Coffee","Other","04/03/2023","20200","20300","20300","2023-11-05"
"Kerala","Wayanad","Kalpetta","Coffee","Other","06/03/2023","20200","20300","20300","2023-11-05"
"Kerala","Wayanad","Kalpetta","Coffee","Other","07/03/2023","20200","20300","20300","2023-11-05"
"Kerala","Wayanad","Kalpetta","Coffee","Other","08/03/2023","20200","20300","20300","2023-11-05"
"Kerala","Wayanad","Kalpetta","Coffee","Other","09/03/2023","20100","20200","20200","2023-11-05"
"Kerala","Wayanad","Kalpetta","Coffee","Other","10/03/2023","20100","20200","20200","2023-11-05"
"Kerala","Wayanad","Kalpetta","Coffee","Other","13/03/2023","19900","20000","20000","2023-11-05"
"Kerala","Wayanad","Kalpetta","Coffee","Other","14/03/2023","11900","20000","20000","2023-11-05"
"Kerala","Wayanad","Kalpetta","Coffee","Other","15/03/2023","19900","20000","20000","2023-11-05"
"Kerala","Wayanad","Kalpetta","Coffee","Other","16/03/2023","19800","19900","19900","2023-11-05"
"Kerala","Wayanad","Kalpetta","Coffee","Other","17/03/2023","19800","19900","19900","2023-11-05"
"Kerala","Wayanad","Kalpetta","Coffee","Other","18/03/2023","19800","19900","19900","2023-11-05"
"Kerala","Wayanad","Kalpetta","Coffee","Other","20/03/2023","19600","19700","19700","2023-11-05"
"Kerala","Wayanad","Kalpetta","Coffee","Other","21/03/2023","19400","19500","19500","2023-11-05"
"Kerala","Wayanad","Kalpetta","Coffee","Other","22/03/2023","19400","19500","19500","2023-11-05"
"Kerala","Wayanad","Kalpetta","Coffee","Other","23/03/2023","19300","19400","19400","2023-11-05"
"Kerala","Wayanad","Kalpetta","Coffee","Other","24/03/2023","19500","19600","19600","2023-11-05"
"Kerala","Wayanad","Kalpetta","Coffee","Other","25/03/2023","19100","19200","19200","2023-11-05"
"Kerala","Wayanad","Kalpetta","Coffee","Other","27/03/2023","19200","19300","19300","2023-11-05"
"Kerala","Wayanad","Kalpetta","Coffee","Other","28/03/2023","19200","19300","19300","2023-11-05"
"Kerala","Wayanad","Kalpetta","Coffee","Other","30/03/2023","19300","19400","19400","2023-11-05"
"Kerala","Wayanad","Kalpetta","Coffee","Other","31/03/2023","19300","19400","19400","2023-11-05"
"Kerala","Wayanad","Kalpetta","Coffee","Other","01/04/2023","19400","19500","19500","2023-11-05"
"Kerala","Wayanad","Kalpetta","Coffee","Other","03/04/2023","19400","19500","19500","2023-11-05"
"Kerala","Wayanad","Kalpetta","Coffee","Other","04/04/2023","19800","19900","19900","2023-11-05"
"Kerala","Wayanad","Kalpetta","Coffee","Other","05/04/2023","19900","20000","20000","2023-11-05"
"Kerala","Wayanad","Kalpetta","Coffee","Other","06/04/2023","19900","20000","20000","2023-11-05"
"Kerala","Wayanad","Kalpetta","Coffee","Other","08/04/2023","20400","20500","20500","2023-11-05"
"Kerala","Wayanad","Kalpetta","Coffee","Other","10/04/2023","20400","20500","20500","2023-11-05"
"Kerala","Wayanad","Kalpetta","Coffee","Other","11/04/2023","20400","20500","20500","2023-11-05"
"Kerala","Wayanad","Kalpetta","Coffee","Other","12/04/2023","20400","20500","20500","2023-11-05"
"Kerala","Wayanad","Kalpetta","Coffee","Other","13/04/2023","20400","20500","20500","2023-11-05"
"Kerala","Wayanad","Kalpetta","Coffee","Other","14/04/2023","20400","20500","20500","2023-11-05"
"Kerala","Wayanad","Kalpetta","Coffee","Other","15/04/2023","20400","20500","20500","2023-11-05"
"Kerala","Wayanad","Kalpetta","Coffee","Other","17/04/2023","20400","20500","20500","2023-11-05"
"Kerala","Wayanad","Kalpetta","Coffee","Other","18/04/2023","21300","21400","21400","2023-11-05"
"Kerala","Wayanad","Kalpetta","Coffee","Other","19/04/2023","21400","21500","21500","2023-11-05"
"Kerala","Wayanad","Kalpetta","Coffee","Other","20/04/2023","21800","22800","22800","2023-11-05"
"Kerala","Wayanad","Kalpetta","Coffee","Other","21/04/2023","21800","21900","21900","2023-11-05"
"Kerala","Wayanad","Kalpetta","Coffee","Other","22/04/2023","21800","21900","21900","2023-11-05"
"Kerala","Wayanad","Kalpetta","Coffee","Other","23/04/2023","21900","22000","22000","2023-11-05"
"Kerala","Wayanad","Kalpetta","Coffee","Other","24/04/2023","21900","22000","22000","2023-11-05"
"Kerala","Wayanad","Kalpetta","Coffee","Other","25/04/2023","22000","22100","22100","2023-11-05"
"Kerala","Wayanad","Kalpetta","Coffee","Other","27/04/2023","22300","22400","22400","2023-11-05"
"Kerala","Wayanad","Kalpetta","Coffee","Other","28/04/2023","22500","22600","22600","2023-11-05"
"Kerala","Wayanad","Kalpetta","Coffee","Other","29/04/2023","22500","22600","22600","2023-11-05"
"Kerala","Wayanad","Kalpetta","Coffee","Other","02/05/2023","22500","22600","22600","2023-11-05"
"Kerala","Wayanad","Kalpetta","Coffee","Other","03/05/2023","22300","22400","22400","2023-11-05"
"Kerala","Wayanad","Kalpetta","Coffee","Other","04/05/2023","22500","22600","22600","2023-11-05"
"Kerala","Wayanad","Kalpetta","Coffee","Other","05/05/2023","22500","22600","22600","2023-11-05"
"Kerala","Wayanad","Kalpetta","Coffee","Other","06/05/2023","22500","22600","22600","2023-11-05"
"Kerala","Wayanad","Kalpetta","Coffee","Other","08/05/2023","22500","22600","22600","2023-11-05"
"Kerala","Wayanad","Kalpetta","Coffee","Other","09/05/2023","22400","22500","22500","2023-11-05"
"Kerala","Wayanad","Kalpetta","Coffee","Other","10/05/2023","22400","22500","22500","2023-11-05"
"Kerala","Wayanad","Kalpetta","Coffee","Other","11/05/2023","22400","22500","22500","2023-11-05"
"Kerala","Wayanad","Kalpetta","Coffee","Other","14/05/2023","22400","22500","22500","2023-11-05"
"Kerala","Wayanad","Kalpetta","Coffee","Other","15/05/2023","22400","22500","22500","2023-11-05"
"Kerala","Wayanad","Kalpetta","Coffee","Other","16/05/2023","22500","22600","22600","2023-11-05"
"Kerala","Wayanad","Kalpetta","Coffee","Other","17/05/2023","22300","22400","22400","2023-11-05"
"Kerala","Wayanad","Kalpetta","Coffee","Other","18/05/2023","22500","22600","22600","2023-11-05"
"Kerala","Wayanad","Kalpetta","Coffee","Other","19/05/2023","22400","22500","22500","2023-11-05"
"Kerala","Wayanad","Kalpetta","Coffee","Other","20/05/2023","22500","22600","22600","2023-11-05"
"Kerala","Wayanad","Kalpetta","Coffee","Other","22/05/2023","22600","22700","22700","2023-11-05"
"Kerala","Wayanad","Kalpetta","Coffee","Other","23/05/2023","22500","22600","22600","2023-11-05"
"Kerala","Wayanad","Kalpetta","Coffee","Other","24/05/2023","22500","22600","22600","2023-11-05"
"Kerala","Wayanad","Kalpetta","Coffee","Other","25/05/2023","22700","22700","22700","2023-11-05"
"Kerala","Wayanad","Kalpetta","Coffee","Other","26/05/2023","22800","22900","22900","2023-11-05"
"Kerala","Wayanad","Kalpetta","Coffee","Other","27/05/2023","22900","23000","23000","2023-11-05"
"Kerala","Wayanad","Kalpetta","Coffee","Other","29/05/2023","22900","23000","23000","2023-11-05"
"Kerala","Wayanad","Kalpetta","Coffee","Other","30/05/2023","22900","23000","23000","2023-11-05"
"Kerala","Wayanad","Kalpetta","Coffee","Other","31/05/2023","22800","22900","22900","2023-11-05"
"Kerala","Wayanad","Kalpetta","Coffee","Other","01/06/2023","22900","23000","23000","2023-11-05"
"Kerala","Wayanad","Kalpetta","Coffee","Other","02/06/2023","23000","24000","24000","2023-11-05"
"Kerala","Wayanad","Kalpetta","Coffee","Other","03/06/2023","23100","23200","23200","2023-11-05"
"Kerala","Wayanad","Kalpetta","Coffee","Other","05/06/2023","23100","23200","23200","2023-11-05"
"Kerala","Wayanad","Kalpetta","Coffee","Other","06/06/2023","23100","23200","23200","2023-11-05"
"Kerala","Wayanad","Kalpetta","Coffee","Other","07/06/2023","23200","23300","23300","2023-11-05"
"Kerala","Wayanad","Kalpetta","Coffee","Other","08/06/2023","23300","23400","23400","2023-11-05"
"Kerala","Wayanad","Kalpetta","Coffee","Other","09/06/2023","23300","23400","23400","2023-11-05"
"Kerala","Wayanad","Kalpetta","Coffee","Other","12/06/2023","23300","23400","23400","2023-11-05"
"Kerala","Wayanad","Kalpetta","Coffee","Other","13/06/2023","23400","23500","23500","2023-11-05"
"Kerala","Wayanad","Kalpetta","Coffee","Other","14/06/2023","23600","23700","23700","2023-11-05"
"Kerala","Wayanad","Kalpetta","Coffee","Other","15/06/2023","23700","23800","23800","2023-11-05"
"Kerala","Wayanad","Kalpetta","Coffee","Other","16/06/2023","23500","23600","23600","2023-11-05"
"Kerala","Wayanad","Kalpetta","Coffee","Other","17/06/2023","24200","24300","24300","2023-11-05"
"Kerala","Wayanad","Kalpetta","Coffee","Other","19/06/2023","24200","24300","24300","2023-11-05"
"Kerala","Wayanad","Kalpetta","Coffee","Other","20/06/2023","24300","24400","24400","2023-11-05"
"Kerala","Wayanad","Kalpetta","Coffee","Other","21/06/2023","24400","24500","24500","2023-11-05"
"Kerala","Wayanad","Kalpetta","Coffee","Other","22/06/2023","24400","24500","24500","2023-11-05"
"Kerala","Wayanad","Kalpetta","Coffee","Other","23/06/2023","24300","24400","24400","2023-11-05"
"Kerala","Wayanad","Kalpetta","Coffee","Other","24/06/2023","24300","24400","24400","2023-11-05"
"Kerala","Wayanad","Kalpetta","Coffee","Other","26/06/2023","24500","24600","24600","2023-11-05"
"Kerala","Wayanad","Kalpetta","Coffee","Other","27/06/2023","24400","24500","24500","2023-11-05"
"Kerala","Wayanad","Kalpetta","Coffee","Other","28/06/2023","24400","24500","24500","2023-11-05"
"Kerala","Wayanad","Kalpetta","Coffee","Other","30/06/2023","24600","24700","24700","2023-11-05"
"Kerala","Wayanad","Kalpetta","Coffee","Other","01/07/2023","24600","24700","24700","2023-11-05"
"Kerala","Wayanad","Kalpetta","Coffee","Other","03/07/2023","24700","24800","24800","2023-11-05"
"Kerala","Wayanad","Kalpetta","Coffee","Other","04/07/2023","24700","24800","24800","2023-11-05"
"Kerala","Wayanad","Kalpetta","Coffee","Other","05/07/2023","23900","24000","24000","2023-11-05"
"Kerala","Wayanad","Kalpetta","Coffee","Other","06/07/2023","23400","23500","23500","2023-11-05"
"Kerala","Wayanad","Kalpetta","Coffee","Other","08/07/2023","23000","23100","23100","2023-11-05"
"Kerala","Wayanad","Kalpetta","Coffee","Other","09/07/2023","23000","23100","23100","2023-11-05"
"Kerala","Wayanad","Kalpetta","Coffee","Other","10/07/2023","22900","23000","23000","2023-11-05"
"Kerala","Wayanad","Kalpetta","Coffee","Other","11/07/2023","22900","23000","23000","2023-11-05"
"Kerala","Wayanad","Kalpetta","Coffee","Other","12/07/2023","23000","23100","23100","2023-11-05"
"Kerala","Wayanad","Kalpetta","Coffee","Other","13/07/2023","22900","23000","23000","2023-11-05"
"Kerala","Wayanad","Kalpetta","Coffee","Other","14/07/2023","22900","23000","23000","2023-11-05"
"Kerala","Wayanad","Kalpetta","Coffee","Other","15/07/2023","22900","23000","23000","2023-11-05"
"Kerala","Wayanad","Kalpetta","Coffee","Other","17/07/2023","22600","22700","22700","2023-11-05"
"Kerala","Wayanad","Kalpetta","Coffee","Other","18/07/2023","22600","22700","22700","2023-11-05"
"Kerala","Wayanad","Kalpetta","Coffee","Other","19/07/2023","22600","22700","22700","2023-11-05"
"Kerala","Wayanad","Kalpetta","Coffee","Other","21/07/2023","23000","23100","23100","2023-11-05"
"Kerala","Wayanad","Kalpetta","Coffee","Other","22/07/2023","23000","23100","23100","2023-11-05"
"Kerala","Wayanad","Kalpetta","Coffee","Other","24/07/2023","23500","23600","23600","2023-11-05"
"Kerala","Wayanad","Kalpetta","Coffee","Other","25/07/2023","23500","23600","23600","2023-11-05"
"Kerala","Wayanad","Kalpetta","Coffee","Other","26/07/2023","23700","23800","23800","2023-11-05"
"Kerala","Wayanad","Kalpetta","Coffee","Other","27/07/2023","23800","23900","23900","2023-11-05"
"Kerala","Wayanad","Kalpetta","Coffee","Other","29/07/2023","24000","24100","24100","2023-11-05"
"Kerala","Wayanad","Kalpetta","Coffee","Other","31/07/2023","24100","24200","24200","2023-11-05"
"Kerala","Wayanad","Kalpetta","Coffee","Other","01/08/2023","24200","24300","24300","2023-11-05"
"Kerala","Wayanad","Kalpetta","Coffee","Other","02/08/2023","24200","24300","24300","2023-11-05"
"Kerala","Wayanad","Kalpetta","Coffee","Other","03/08/2023","24400","24500","24500","2023-11-05"
"Kerala","Wayanad","Kalpetta","Coffee","Other","04/08/2023","24200","24300","24300","2023-11-05"
"Kerala","Wayanad","Kalpetta","Coffee","Other","08/08/2023","24100","24200","24200","2023-11-05"
"Kerala","Wayanad","Kalpetta","Coffee","Other","09/08/2023","23900","24000","24000","2023-11-05"
"Kerala","Wayanad","Kalpetta","Coffee","Other","10/08/2023","24100","24200","24200","2023-11-05"
"Kerala","Wayanad","Kalpetta","Coffee","Other","11/08/2023","24000","24100","24100","2023-11-05"
"Kerala","Wayanad","Kalpetta","Coffee","Other","12/08/2023","24000","24100","24100","2023-11-05"
"Kerala","Wayanad","Kalpetta","Coffee","Other","14/08/2023","24000","24100","24100","2023-11-05"
"Kerala","Wayanad","Kalpetta","Coffee","Other","15/08/2023","24000","24100","24100","2023-11-05"
"Kerala","Wayanad","Kalpetta","Coffee","Other","16/08/2023","23900","24000","24000","2023-11-05"
"Kerala","Wayanad","Kalpetta","Coffee","Other","17/08/2023","24000","24100","24100","2023-11-05"
"Kerala","Wayanad","Kalpetta","Coffee","Other","18/08/2023","23700","23800","23800","2023-11-05"
"Kerala","Wayanad","Kalpetta","Coffee","Other","19/08/2023","23400","23500","23500","2023-11-05"
"Kerala","Wayanad","Kalpetta","Coffee","Other","21/08/2023","23400","23500","23500","2023-11-05"
"Kerala","Wayanad","Kalpetta","Coffee","Other","22/08/2023","23400","23500","23500","2023-11-05"
"Kerala","Wayanad","Kalpetta","Coffee","Other","23/08/2023","23400","23500","23500","2023-11-05"
"Kerala","Wayanad","Kalpetta","Coffee","Other","24/08/2023","23400","23500","23500","2023-11-05"
"Kerala","Wayanad","Kalpetta","Coffee","Other","25/08/2023","23400","23500","23500","2023-11-05"
"Kerala","Wayanad","Kalpetta","Coffee","Other","26/08/2023","23400","23500","23500","2023-11-05"
"Kerala","Wayanad","Kalpetta","Coffee","Other","27/08/2023","23400","23500","23500","2023-11-05"
"Kerala","Wayanad","Kalpetta","Coffee","Other","28/08/2023","23400","23500","23500","2023-11-05"
"Kerala","Wayanad","Kalpetta","Coffee","Other","30/08/2023","23400","23500","23500","2023-11-05"
"Kerala","Wayanad","Kalpetta","Coffee","Other","31/08/2023","23400","23500","23500","2023-11-05"
"Kerala","Wayanad","Kalpetta","Coffee","Other","01/09/2023","23400","23500","23500","2023-11-05"
"Kerala","Wayanad","Kalpetta","Coffee","Other","02/09/2023","23200","23300","23300","2023-11-05"
"Kerala","Wayanad","Kalpetta","Coffee","Other","04/09/2023","23400","23500","23500","2023-11-05"
"Kerala","Wayanad","Kalpetta","Coffee","Other","05/09/2023","23400","23500","23500","2023-11-05"
"Kerala","Wayanad","Kalpetta","Coffee","Other","06/09/2023","23400","23500","23500","2023-11-05"
"Kerala","Wayanad","Kalpetta","Coffee","Other","07/09/2023","22900","23000","23000","2023-11-05"
"Kerala","Wayanad","Kalpetta","Coffee","Other","08/09/2023","22900","23000","23000","2023-11-05"
"Kerala","Wayanad","Kalpetta","Coffee","Other","11/09/2023","23200","23300","23300","2023-11-05"
"Kerala","Wayanad","Kalpetta","Coffee","Other","12/09/2023","23400","23500","23500","2023-11-05"
"Kerala","Wayanad","Kalpetta","Coffee","Other","13/09/2023","23000","23100","23100","2023-11-05"
"Kerala","Wayanad","Kalpetta","Coffee","Other","14/09/2023","23100","23200","23200","2023-11-05"
"Kerala","Wayanad","Kalpetta","Coffee","Other","15/09/2023","22900","23000","23000","2023-11-05"
"Kerala","Wayanad","Kalpetta","Coffee","Other","16/09/2023","22900","23000","23000","2023-11-05"
"Kerala","Wayanad","Kalpetta","Coffee","Other","18/09/2023","23000","23100","23100","2023-11-05"
"Kerala","Wayanad","Kalpetta","Coffee","Other","19/09/2023","23100","23200","23200","2023-11-05"
"Kerala","Wayanad","Kalpetta","Coffee","Other","20/09/2023","23400","23500","23500","2023-11-05"
"Kerala","Wayanad","Kalpetta","Coffee","Other","21/09/2023","23500","23600","23600","2023-11-05"
"Kerala","Wayanad","Kalpetta","Coffee","Other","23/09/2023","23600","23700","23700","2023-11-05"
"Kerala","Wayanad","Kalpetta","Coffee","Other","24/09/2023","23600","23700","23700","2023-11-05"
"Kerala","Wayanad","Kalpetta","Coffee","Other","25/09/2023","23600","23700","23700","2023-11-05"
"Kerala","Wayanad","Kalpetta","Coffee","Other","26/09/2023","23500","23600","23600","2023-11-05"
"Kerala","Wayanad","Kalpetta","Coffee","Other","27/09/2023","23500","23600","23600","2023-11-05"
"Kerala","Wayanad","Kalpetta","Coffee","Other","28/09/2023","23600","23700","23700","2023-11-05"
"Kerala","Wayanad","Kalpetta","Coffee","Other","29/09/2023","23600","23700","23700","2023-11-05"
"Kerala","Wayanad","Kalpetta","Coffee","Other","30/09/2023","23600","23700","23700","2023-11-05"
"Kerala","Wayanad","Kalpetta","Coffee","Other","02/10/2023","23500","23600","23600","2023-11-05"
"Kerala","Wayanad","Kalpetta","Coffee","Other","03/10/2023","23500","23600","23600","2023-11-05"
"Kerala","Wayanad","Kalpetta","Coffee","Other","04/10/2023","23400","23500","23500","2023-11-05"
"Kerala","Wayanad","Kalpetta","Coffee","Other","05/10/2023","23500","23600","23600","2023-11-05"
"Kerala","Wayanad","Kalpetta","Coffee","Other","06/10/2023","23500","23600","23600","2023-11-05"
"Kerala","Wayanad","Kalpetta","Coffee","Other","07/10/2023","23500","23600","23600","2023-11-05"
"Kerala","Wayanad","Kalpetta","Coffee","Other","10/10/2023","23300","23400","23400","2023-11-05"
"Kerala","Wayanad","Kalpetta","Coffee","Other","11/10/2023","23300","23400","23400","2023-11-05"
"Kerala","Wayanad","Kalpetta","Coffee","Other","12/10/2023","23400","23500","23500","2023-11-05"
"Kerala","Wayanad","Kalpetta","Coffee","Other","13/10/2023","22900","23000","23000","2023-11-05"
"Kerala","Wayanad","Kalpetta","Coffee","Other","14/10/2023","22900","23000","23000","2023-11-05"
"Kerala","Wayanad","Kalpetta","Coffee","Other","17/10/2023","22900","23000","23000","2023-11-05"
"Kerala","Wayanad","Kalpetta","Coffee","Other","18/10/2023","22900","23000","23000","2023-11-05"
"Kerala","Wayanad","Kalpetta","Coffee","Other","19/10/2023","23000","23100","23100","2023-11-05"
"Kerala","Wayanad","Kalpetta","Coffee","Other","20/10/2023","23100","23200","23200","2023-11-05"
"Kerala","Wayanad","Kalpetta","Coffee","Other","21/10/2023","23100","23200","23200","2023-11-05"
"Kerala","Wayanad","Kalpetta","Coffee","Other","24/10/2023","23000","23100","23100","2023-11-05"
"Kerala","Wayanad","Kalpetta","Coffee","Other","25/10/2023","23000","23100","23100","2023-11-05"
"Kerala","Wayanad","Kalpetta","Coffee","Other","26/10/2023","23200","23300","23300","2023-11-05"
"Kerala","Wayanad","Kalpetta","Coffee","Other","27/10/2023","23300","23400","23400","2023-11-05"
"Kerala","Wayanad","Kalpetta","Coffee","Other","28/10/2023","23400","23500","23500","2023-11-05"
"Kerala","Wayanad","Kalpetta","Coffee","Other","29/10/2023","23400","23500","23500","2023-11-05"
"Kerala","Wayanad","Kalpetta","Coffee","Other","30/10/2023","23400","23500","23500","2023-11-05"
"Kerala","Wayanad","Kalpetta","Coffee","Other","31/10/2023","23300","23500","23400","2023-11-05"
"Kerala","Wayanad","Kalpetta","Coffee","Other","01/11/2023","23300","23400","23400","2023-11-05"
"Kerala","Wayanad","Kalpetta","Coffee","Other","02/11/2023","23300","23400","23400","2023-11-05"
"Kerala","Wayanad","Kalpetta","Coffee","Other","03/11/2023","23300","23400","23400","2023-11-05"
"Kerala","Wayanad","Kalpetta","Coffee","Other","04/11/2023","23300","23400","23400","2023-11-05"
"Kerala","Wayanad","Manathavady","Coffee","Other","11/08/2023","13900","14100","14000","2023-11-05"
"Kerala","Wayanad","Manathavady","Coffee","Other","14/08/2023","13900","14100","14000","2023-11-05"
"Kerala","Wayanad","Manathavady","Coffee","Other","16/08/2023","13900","14300","14200","2023-11-05"
"Kerala","Wayanad","Manathavady","Coffee","Other","17/08/2023","14100","14300","14200","2023-11-05"
"Kerala","Wayanad","Manathavady","Coffee","Other","18/08/2023","13400","13700","13600","2023-11-05"
"Kerala","Wayanad","Manathavady","Coffee","Other","19/08/2023","13400","13700","13600","2023-11-05"
"Kerala","Wayanad","Manathavady","Coffee","Other","21/08/2023","12900","13200","13000","2023-11-05"
"Kerala","Wayanad","Manathavady","Coffee","Other","22/08/2023","12500","13500","13000","2023-11-05"
"Kerala","Wayanad","Manathavady","Coffee","Other","24/08/2023","13500","13700","13600","2023-11-05"
"Kerala","Wayanad","Manathavady","Coffee","Other","25/08/2023","13000","13150","13100","2023-11-05"
"Kerala","Wayanad","Manathavady","Coffee","Other","26/08/2023","13000","13500","13100","2023-11-05"
"Kerala","Wayanad","Manathavady","Coffee","Other","27/08/2023","12900","13100","13000","2023-11-05"
"Kerala","Wayanad","Manathavady","Coffee","Other","28/08/2023","12900","13100","13000","2023-11-05"
"Kerala","Wayanad","Manathavady","Coffee","Other","31/08/2023","12900","13100","13000","2023-11-05"
"Kerala","Wayanad","Manathavady","Coffee","Other","01/09/2023","12000","14000","13000","2023-11-05"
"Kerala","Wayanad","Manathavady","Coffee","Other","02/09/2023","12000","14000","13000","2023-11-05"
"Kerala","Wayanad","Manathavady","Coffee","Other","04/09/2023","13200","13600","13400","2023-11-05"
"Kerala","Wayanad","Manathavady","Coffee","Other","05/09/2023","12000","13500","13000","2023-11-05"
"Kerala","Wayanad","Manathavady","Coffee","Other","07/09/2023","13400","13600","13500","2023-11-05"
"Kerala","Wayanad","Manathavady","Coffee","Other","08/09/2023","12800","13400","13000","2023-11-05"
"Kerala","Wayanad","Manathavady","Coffee","Other","11/09/2023","12700","12900","12800","2023-11-05"
"Kerala","Wayanad","Manathavady","Coffee","Other","12/09/2023","12700","12900","12800","2023-11-05"
"Kerala","Wayanad","Manathavady","Coffee","Other","13/09/2023","13000","14000","13500","2023-11-05"
"Kerala","Wayanad","Manathavady","Coffee","Other","15/09/2023","13000","13400","13200","2023-11-05"
"Kerala","Wayanad","Manathavady","Coffee","Other","16/09/2023","13100","13200","13200","2023-11-05"
"Kerala","Wayanad","Manathavady","Coffee","Other","17/09/2023","13000","13300","13200","2023-11-05"
"Kerala","Wayanad","Manathavady","Coffee","Other","18/09/2023","13500","13700","13700","2023-11-05"
"Kerala","Wayanad","Manathavady","Coffee","Other","19/09/2023","13800","13900","13900","2023-11-05"
"Kerala","Wayanad","Manathavady","Coffee","Other","20/09/2023","13800","14000","13900","2023-11-05"
"Kerala","Wayanad","Manathavady","Coffee","Other","21/09/2023","13800","13900","13900","2023-11-05"
"Kerala","Wayanad","Manathavady","Coffee","Other","22/09/2023","13800","13900","13900","2023-11-05"
"Kerala","Wayanad","Manathavady","Coffee","Other","26/09/2023","13600","13800","13800","2023-11-05"
"Kerala","Wayanad","Manathavady","Coffee","Other","27/09/2023","13800","13900","13900","2023-11-05"
"Kerala","Wayanad","Manathavady","Coffee","Other","28/09/2023","13500","13800","13800","2023-11-05"
"Kerala","Wayanad","Manathavady","Coffee","Other","29/09/2023","13600","13800","13800","2023-11-05"
"Kerala","Wayanad","Manathavady","Coffee","Other","30/09/2023","13600","13900","13800","2023-11-05"
"Kerala","Wayanad","Manathavady","Coffee","Other","03/10/2023","13600","13800","13800","2023-11-05"
"Kerala","Wayanad","Manathavady","Coffee","Other","04/10/2023","13000","13800","13800","2023-11-05"
"Kerala","Wayanad","Manathavady","Coffee","Other","06/10/2023","13500","13700","13700","2023-11-05"
"Kerala","Wayanad","Manathavady","Coffee","Other","07/10/2023","13000","13500","13500","2023-11-05"
"Kerala","Wayanad","Manathavady","Coffee","Other","08/10/2023","13200","13200","13200","2023-11-05"
"Kerala","Wayanad","Manathavady","Coffee","Other","09/10/2023","13100","13200","13200","2023-11-05"
"Kerala","Wayanad","Manathavady","Coffee","Other","10/10/2023","13500","13500","13500","2023-11-05"
"Kerala","Wayanad","Manathavady","Coffee","Other","11/10/2023","13200","13500","13500","2023-11-05"
"Kerala","Wayanad","Manathavady","Coffee","Other","12/10/2023","13000","13300","13200","2023-11-05"
"Kerala","Wayanad","Manathavady","Coffee","Other","13/10/2023","13200","13300","13300","2023-11-05"
"Kerala","Wayanad","Manathavady","Coffee","Other","14/10/2023","13000","13300","13300","2023-11-05"
"Kerala","Wayanad","Manathavady","Coffee","Other","15/10/2023","13000","13300","13300","2023-11-05"
"Kerala","Wayanad","Manathavady","Coffee","Other","16/10/2023","13200","13300","13300","2023-11-05"
"Kerala","Wayanad","Manathavady","Coffee","Other","17/10/2023","13000","13300","13300","2023-11-05"
"Kerala","Wayanad","Manathavady","Coffee","Other","18/10/2023","13000","13300","13300","2023-11-05"
"Kerala","Wayanad","Manathavady","Coffee","Other","19/10/2023","13000","13300","13300","2023-11-05"
"Kerala","Wayanad","Manathavady","Coffee","Other","20/10/2023","13000","13300","13300","2023-11-05"
"Kerala","Wayanad","Manathavady","Coffee","Other","21/10/2023","13000","13300","13300","2023-11-05"
"Kerala","Wayanad","Manathavady","Coffee","Other","24/10/2023","13000","13300","13300","2023-11-05"
"Kerala","Wayanad","Manathavady","Coffee","Other","25/10/2023","13000","13300","13300","2023-11-05"
"Kerala","Wayanad","Manathavady","Coffee","Other","26/10/2023","13000","13300","13300","2023-11-05"
"Kerala","Wayanad","Manathavady","Coffee","Other","27/10/2023","13000","13400","13400","2023-11-05"
"Kerala","Wayanad","Manathavady","Coffee","Other","28/10/2023","13400","13600","13500","2023-11-05"
"Kerala","Wayanad","Manathavady","Coffee","Other","29/10/2023","13300","13400","13400","2023-11-05"
"Kerala","Wayanad","Manathavady","Coffee","Other","30/10/2023","13200","13500","13500","2023-11-05"
"Kerala","Wayanad","Manathavady","Coffee","Other","31/10/2023","13500","13700","13700","2023-11-05"
"Kerala","Wayanad","Manathavady","Coffee","Other","01/11/2023","13000","13400","13400","2023-11-05"
"Kerala","Wayanad","Manathavady","Coffee","Other","02/11/2023","13000","13200","13200","2023-11-05"
"Kerala","Wayanad","Manathavady","Coffee","Other","03/11/2023","13200","13400","13400","2023-11-05"
"Kerala","Wayanad","Manathavady","Coffee","Other","04/11/2023","13000","13200","13200","2023-11-05"
"Kerala","Wayanad","Pulpally","Coffee","Other","02/01/2023","9400","9600","9500","2023-11-05"
"Kerala","Wayanad","Pulpally","Coffee","Other","03/01/2023","9500","9700","9600","2023-11-05"
"Kerala","Wayanad","Pulpally","Coffee","Other","04/01/2023","9700","9800","9750","2023-11-05"
"Kerala","Wayanad","Pulpally","Coffee","Other","05/01/2023","9600","9800","9700","2023-11-05"
"Kerala","Wayanad","Pulpally","Coffee","Other","06/01/2023","9200","9400","9300","2023-11-05"
"Kerala","Wayanad","Pulpally","Coffee","Other","07/01/2023","9100","9300","9200","2023-11-05"
"Kerala","Wayanad","Pulpally","Coffee","Other","10/01/2023","9200","9400","9300","2023-11-05"
"Kerala","Wayanad","Pulpally","Coffee","Other","11/01/2023","9300","9500","9400","2023-11-05"
"Kerala","Wayanad","Pulpally","Coffee","Other","12/01/2023","9500","9700","9600","2023-11-05"
"Kerala","Wayanad","Pulpally","Coffee","Other","14/01/2023","9400","9600","9500","2023-11-05"
"Kerala","Wayanad","Pulpally","Coffee","Other","16/01/2023","9400","9600","9500","2023-11-05"
"Kerala","Wayanad","Pulpally","Coffee","Other","17/01/2023","9400","9600","9500","2023-11-05"
"Kerala","Wayanad","Pulpally","Coffee","Other","18/01/2023","9500","9700","9600","2023-11-05"
"Kerala","Wayanad","Pulpally","Coffee","Other","19/01/2023","9400","9600","9500","2023-11-05"
"Kerala","Wayanad","Pulpally","Coffee","Other","20/01/2023","9400","9600","9500","2023-11-05"
"Kerala","Wayanad","Pulpally","Coffee","Other","21/01/2023","9500","9700","9600","2023-11-05"
"Kerala","Wayanad","Pulpally","Coffee","Other","23/01/2023","9400","9600","9500","2023-11-05"
"Kerala","Wayanad","Pulpally","Coffee","Other","24/01/2023","9300","9500","9400","2023-11-05"
"Kerala","Wayanad","Pulpally","Coffee","Other","25/01/2023","9400","9600","9500","2023-11-05"
"Kerala","Wayanad","Pulpally","Coffee","Other","28/01/2023","9500","9700","9600","2023-11-05"
"Kerala","Wayanad","Pulpally","Coffee","Other","30/01/2023","9800","10000","9900","2023-11-05"
"Kerala","Wayanad","Pulpally","Coffee","Other","31/01/2023","9600","9700","9700","2023-11-05"
"Kerala","Wayanad","Pulpally","Coffee","Other","01/02/2023","9500","9700","9600","2023-11-05"
"Kerala","Wayanad","Pulpally","Coffee","Other","02/02/2023","9600","9800","9700","2023-11-05"
"Kerala","Wayanad","Pulpally","Coffee","Other","03/02/2023","9600","9800","9700","2023-11-05"
"Kerala","Wayanad","Pulpally","Coffee","Other","04/02/2023","9400","9600","9500","2023-11-05"
"Kerala","Wayanad","Pulpally","Coffee","Other","06/02/2023","9600","9800","9700","2023-11-05"
"Kerala","Wayanad","Pulpally","Coffee","Other","07/02/2023","9900","10100","10000","2023-11-05"
"Kerala","Wayanad","Pulpally","Coffee","Other","08/02/2023","10100","10300","10200","2023-11-05"
"Kerala","Wayanad","Pulpally","Coffee","Other","09/02/2023","10100","10300","10200","2023-11-05"
"Kerala","Wayanad","Pulpally","Coffee","Other","10/02/2023","10100","10300","10200","2023-11-05"
"Kerala","Wayanad","Pulpally","Coffee","Other","14/02/2023","10400","10600","10500","2023-11-05"
"Kerala","Wayanad","Pulpally","Coffee","Other","16/02/2023","10200","10400","10300","2023-11-05"
"Kerala","Wayanad","Pulpally","Coffee","Other","17/02/2023","10300","10500","10400","2023-11-05"
"Kerala","Wayanad","Pulpally","Coffee","Other","19/02/2023","10800","11000","10900","2023-11-05"
"Kerala","Wayanad","Pulpally","Coffee","Other","20/02/2023","11000","11200","11100","2023-11-05"
"Kerala","Wayanad","Pulpally","Coffee","Other","21/02/2023","11000","11200","11100","2023-11-05"
"Kerala","Wayanad","Pulpally","Coffee","Other","22/02/2023","11000","11200","11100","2023-11-05"
"Kerala","Wayanad","Pulpally","Coffee","Other","24/02/2023","11000","11300","11200","2023-11-05"
"Kerala","Wayanad","Pulpally","Coffee","Other","25/02/2023","11500","13500","12500","2023-11-05"
"Kerala","Wayanad","Pulpally","Coffee","Other","28/02/2023","11600","11800","11700","2023-11-05"
"Kerala","Wayanad","Pulpally","Coffee","Other","01/03/2023","11500","11700","11600","2023-11-05"
"Kerala","Wayanad","Pulpally","Coffee","Other","02/03/2023","11600","12000","11800","2023-11-05"
"Kerala","Wayanad","Pulpally","Coffee","Other","03/03/2023","11600","11800","11700","2023-11-05"
"Kerala","Wayanad","Pulpally","Coffee","Other","04/03/2023","11800","12000","11900","2023-11-05"
"Kerala","Wayanad","Pulpally","Coffee","Other","07/03/2023","11600","11800","11700","2023-11-05"
"Kerala","Wayanad","Pulpally","Coffee","Other","08/03/2023","11800","12000","11900","2023-11-05"
"Kerala","Wayanad","Pulpally","Coffee","Other","09/03/2023","11600","11800","11700","2023-11-05"
"Kerala","Wayanad","Pulpally","Coffee","Other","10/03/2023","11600","11800","11700","2023-11-05"
"Kerala","Wayanad","Pulpally","Coffee","Other","11/03/2023","11500","11700","11600","2023-11-05"
"Kerala","Wayanad","Pulpally","Coffee","Other","13/03/2023","11500","11700","11600","2023-11-05"
"Kerala","Wayanad","Pulpally","Coffee","Other","15/03/2023","11600","11800","11700","2023-11-05"
"Kerala","Wayanad","Pulpally","Coffee","Other","17/03/2023","11600","11800","11700","2023-11-05"
"Kerala","Wayanad","Pulpally","Coffee","Other","18/03/2023","10600","10800","10700","2023-11-05"
"Kerala","Wayanad","Pulpally","Coffee","Other","20/03/2023","10500","10700","10600","2023-11-05"
"Kerala","Wayanad","Pulpally","Coffee","Other","21/03/2023","10600","10800","10700","2023-11-05"
"Kerala","Wayanad","Pulpally","Coffee","Other","22/03/2023","10600","10800","10700","2023-11-05"
"Kerala","Wayanad","Pulpally","Coffee","Other","23/03/2023","10800","11000","10900","2023-11-05"
"Kerala","Wayanad","Pulpally","Coffee","Other","24/03/2023","10600","10800","10700","2023-11-05"
"Kerala","Wayanad","Pulpally","Coffee","Other","25/03/2023","10800","11000","10900","2023-11-05"
"Kerala","Wayanad","Pulpally","Coffee","Other","27/03/2023","11600","11800","11700","2023-11-05"
"Kerala","Wayanad","Pulpally","Coffee","Other","28/03/2023","11600","11800","11700","2023-11-05"
"Kerala","Wayanad","Pulpally","Coffee","Other","29/03/2023","11400","11600","11500","2023-11-05"
"Kerala","Wayanad","Pulpally","Coffee","Other","30/03/2023","10800","11000","10900","2023-11-05"
"Kerala","Wayanad","Pulpally","Coffee","Other","31/03/2023","11600","11800","11700","2023-11-05"
"Kerala","Wayanad","Pulpally","Coffee","Other","01/04/2023","11200","11400","11300","2023-11-05"
"Kerala","Wayanad","Pulpally","Coffee","Other","02/04/2023","11500","11700","11600","2023-11-05"
"Kerala","Wayanad","Pulpally","Coffee","Other","04/04/2023","11400","11600","11500","2023-11-05"
"Kerala","Wayanad","Pulpally","Coffee","Other","05/04/2023","11200","11400","11300","2023-11-05"
"Kerala","Wayanad","Pulpally","Coffee","Other","08/04/2023","11500","11700","11600","2023-11-05"
"Kerala","Wayanad","Pulpally","Coffee","Other","10/04/2023","11200","14000","11300","2023-11-05"
"Kerala","Wayanad","Pulpally","Coffee","Other","11/04/2023","11500","11700","11600","2023-11-05"
"Kerala","Wayanad","Pulpally","Coffee","Other","12/04/2023","11200","11400","11300","2023-11-05"
"Kerala","Wayanad","Pulpally","Coffee","Other","13/04/2023","10500","10700","10600","2023-11-05"
"Kerala","Wayanad","Pulpally","Coffee","Other","17/04/2023","11500","11700","11600","2023-11-05"
"Kerala","Wayanad","Pulpally","Coffee","Other","18/04/2023","10500","10700","10600","2023-11-05"
"Kerala","Wayanad","Pulpally","Coffee","Other","19/04/2023","12500","12700","12600","2023-11-05"
"Kerala","Wayanad","Pulpally","Coffee","Other","21/04/2023","12500","12700","12600","2023-11-05"
"Kerala","Wayanad","Pulpally","Coffee","Other","22/04/2023","12400","12600","12500","2023-11-05"
"Kerala","Wayanad","Pulpally","Coffee","Other","24/04/2023","12500","12700","12600","2023-11-05"
"Kerala","Wayanad","Pulpally","Coffee","Other","25/04/2023","12100","12300","12200","2023-11-05"
"Kerala","Wayanad","Pulpally","Coffee","Other","26/04/2023","12000","12200","12100","2023-11-05"
"Kerala","Wayanad","Pulpally","Coffee","Other","27/04/2023","11700","11900","11800","2023-11-05"
"Kerala","Wayanad","Pulpally","Coffee","Other","28/04/2023","11600","11800","11700","2023-11-05"
"Kerala","Wayanad","Pulpally","Coffee","Other","29/04/2023","12000","12200","12100","2023-11-05"
"Kerala","Wayanad","Pulpally","Coffee","Other","01/05/2023","11400","11600","11500","2023-11-05"
"Kerala","Wayanad","Pulpally","Coffee","Other","02/05/2023","11500","11700","11600","2023-11-05"
"Kerala","Wayanad","Pulpally","Coffee","Other","03/05/2023","11600","11800","11700","2023-11-05"
"Kerala","Wayanad","Pulpally","Coffee","Other","04/05/2023","11400","11600","11500","2023-11-05"
"Kerala","Wayanad","Pulpally","Coffee","Other","05/05/2023","11400","11600","11500","2023-11-05"
"Kerala","Wayanad","Pulpally","Coffee","Other","08/05/2023","11500","11700","11600","2023-11-05"
"Kerala","Wayanad","Pulpally","Coffee","Other","09/05/2023","11400","11600","11500","2023-11-05"
"Kerala","Wayanad","Pulpally","Coffee","Other","10/05/2023","11600","11800","11700","2023-11-05"
"Kerala","Wayanad","Pulpally","Coffee","Other","11/05/2023","11400","11600","11500","2023-11-05"
"Kerala","Wayanad","Pulpally","Coffee","Other","12/05/2023","11500","11700","11600","2023-11-05"
"Kerala","Wayanad","Pulpally","Coffee","Other","15/05/2023","11500","11700","11600","2023-11-05"
"Kerala","Wayanad","Pulpally","Coffee","Other","16/05/2023","11500","11700","11600","2023-11-05"
"Kerala","Wayanad","Pulpally","Coffee","Other","17/05/2023","11500","11700","11600","2023-11-05"
"Kerala","Wayanad","Pulpally","Coffee","Other","18/05/2023","11400","11600","11500","2023-11-05"
"Kerala","Wayanad","Pulpally","Coffee","Other","19/05/2023","12500","12700","12600","2023-11-05"
"Kerala","Wayanad","Pulpally","Coffee","Other","20/05/2023","12500","12700","12600","2023-11-05"
"Kerala","Wayanad","Pulpally","Coffee","Other","22/05/2023","12200","12400","12300","2023-11-05"
"Kerala","Wayanad","Pulpally","Coffee","Other","23/05/2023","12500","12700","12600","2023-11-05"
"Kerala","Wayanad","Pulpally","Coffee","Other","24/05/2023","12500","12700","12600","2023-11-05"
"Kerala","Wayanad","Pulpally","Coffee","Other","25/05/2023","13000","13200","13100","2023-11-05"
"Kerala","Wayanad","Pulpally","Coffee","Other","26/05/2023","12800","13000","12900","2023-11-05"
"Kerala","Wayanad","Pulpally","Coffee","Other","27/05/2023","12500","12700","12600","2023-11-05"
"Kerala","Wayanad","Pulpally","Coffee","Other","29/05/2023","13000","13200","13100","2023-11-05"
"Kerala","Wayanad","Pulpally","Coffee","Other","30/05/2023","12800","13000","12900","2023-11-05"
"Kerala","Wayanad","Pulpally","Coffee","Other","31/05/2023","13200","13400","13300","2023-11-05"
"Kerala","Wayanad","Pulpally","Coffee","Other","01/06/2023","13200","13400","13300","2023-11-05"
"Kerala","Wayanad","Pulpally","Coffee","Other","02/06/2023","13200","13400","13300","2023-11-05"
"Kerala","Wayanad","Pulpally","Coffee","Other","03/06/2023","13000","13200","13100","2023-11-05"
"Kerala","Wayanad","Pulpally","Coffee","Other","05/06/2023","12800","13000","12900","2023-11-05"
"Kerala","Wayanad","Pulpally","Coffee","Other","06/06/2023","12800","13000","12900","2023-11-05"
"Kerala","Wayanad","Pulpally","Coffee","Other","07/06/2023","13100","13300","13200","2023-11-05"
"Kerala","Wayanad","Pulpally","Coffee","Other","08/06/2023","13100","13300","13200","2023-11-05"
"Kerala","Wayanad","Pulpally","Coffee","Other","09/06/2023","13000","13200","13100","2023-11-05"
"Kerala","Wayanad","Pulpally","Coffee","Other","12/06/2023","12800","13000","12900","2023-11-05"
"Kerala","Wayanad","Pulpally","Coffee","Other","13/06/2023","12900","13100","13000","2023-11-05"
"Kerala","Wayanad","Pulpally","Coffee","Other","14/06/2023","13200","13400","13300","2023-11-05"
"Kerala","Wayanad","Pulpally","Coffee","Other","15/06/2023","13000","13200","13100","2023-11-05"
"Kerala","Wayanad","Pulpally","Coffee","Other","16/06/2023","13100","13300","13200","2023-11-05"
"Kerala","Wayanad","Pulpally","Coffee","Other","17/06/2023","13100","13300","13200","2023-11-05"
"Kerala","Wayanad","Pulpally","Coffee","Other","19/06/2023","12800","13000","12900","2023-11-05"
"Kerala","Wayanad","Pulpally","Coffee","Other","20/06/2023","12800","13000","12900","2023-11-05"
"Kerala","Wayanad","Pulpally","Coffee","Other","21/06/2023","13200","13400","13300","2023-11-05"
"Kerala","Wayanad","Pulpally","Coffee","Other","22/06/2023","13600","13800","13700","2023-11-05"
"Kerala","Wayanad","Pulpally","Coffee","Other","23/06/2023","13000","13200","13100","2023-11-05"
"Kerala","Wayanad","Pulpally","Coffee","Other","24/06/2023","13100","13300","13200","2023-11-05"
"Kerala","Wayanad","Pulpally","Coffee","Other","26/06/2023","13600","13800","13700","2023-11-05"
"Kerala","Wayanad","Pulpally","Coffee","Other","27/06/2023","13600","13800","13700","2023-11-05"
"Kerala","Wayanad","Pulpally","Coffee","Other","28/06/2023","13700","13900","13800","2023-11-05"
"Kerala","Wayanad","Pulpally","Coffee","Other","29/06/2023","13800","14000","13900","2023-11-05"
"Kerala","Wayanad","Pulpally","Coffee","Other","30/06/2023","13600","13800","13700","2023-11-05"
"Kerala","Wayanad","Pulpally","Coffee","Other","01/07/2023","13600","13800","13700","2023-11-05"
"Kerala","Wayanad","Pulpally","Coffee","Other","03/07/2023","13200","13400","13300","2023-11-05"
"Kerala","Wayanad","Pulpally","Coffee","Other","04/07/2023","13700","13900","13800","2023-11-05"
"Kerala","Wayanad","Pulpally","Coffee","Other","05/07/2023","13800","14000","13900","2023-11-05"
"Kerala","Wayanad","Pulpally","Coffee","Other","06/07/2023","13600","13800","13700","2023-11-05"
"Kerala","Wayanad","Pulpally","Coffee","Other","07/07/2023","13800","14000","13900","2023-11-05"
"Kerala","Wayanad","Pulpally","Coffee","Other","10/07/2023","13500","13700","13600","2023-11-05"
"Kerala","Wayanad","Pulpally","Coffee","Other","11/07/2023","13600","13800","13700","2023-11-05"
"Kerala","Wayanad","Pulpally","Coffee","Other","12/07/2023","13800","14000","13900","2023-11-05"
"Kerala","Wayanad","Pulpally","Coffee","Other","13/07/2023","13600","13700","13700","2023-11-05"
"Kerala","Wayanad","Pulpally","Coffee","Other","14/07/2023","13600","13800","13700","2023-11-05"
"Kerala","Wayanad","Pulpally","Coffee","Other","15/07/2023","13600","13800","13700","2023-11-05"
"Kerala","Wayanad","Pulpally","Coffee","Other","17/07/2023","13400","13600","13500","2023-11-05"
"Kerala","Wayanad","Pulpally","Coffee","Other","18/07/2023","14200","14400","14300","2023-11-05"
"Kerala","Wayanad","Pulpally","Coffee","Other","20/07/2023","12900","13100","13000","2023-11-05"
"Kerala","Wayanad","Pulpally","Coffee","Other","21/07/2023","12500","12700","12600","2023-11-05"
"Kerala","Wayanad","Pulpally","Coffee","Other","22/07/2023","13200","13400","13300","2023-11-05"
"Kerala","Wayanad","Pulpally","Coffee","Other","24/07/2023","13500","13700","13600","2023-11-05"
"Kerala","Wayanad","Pulpally","Coffee","Other","25/07/2023","13400","13600","13500","2023-11-05"
"Kerala","Wayanad","Pulpally","Coffee","Other","26/07/2023","13600","13800","13700","2023-11-05"
"Kerala","Wayanad","Pulpally","Coffee","Other","27/07/2023","13200","13400","13300","2023-11-05"
"Kerala","Wayanad","Pulpally","Coffee","Other","29/07/2023","14000","14200","14100","2023-11-05"
"Kerala","Wayanad","Pulpally","Coffee","Other","31/07/2023","14000","14200","14100","2023-11-05"
"Kerala","Wayanad","Pulpally","Coffee","Other","03/08/2023","14000","14200","14100","2023-11-05"
"Kerala","Wayanad","Pulpally","Coffee","Other","05/08/2023","14000","14200","14100","2023-11-05"
"Kerala","Wayanad","Pulpally","Coffee","Other","08/08/2023","13800","14000","13900","2023-11-05"
"Kerala","Wayanad","Pulpally","Coffee","Other","13/08/2023","13700","13900","13800","2023-11-05"
"Kerala","Wayanad","Pulpally","Coffee","Other","14/08/2023","13800","14000","13900","2023-11-05"
"Kerala","Wayanad","Pulpally","Coffee","Other","15/08/2023","13600","13800","13700","2023-11-05"
"Kerala","Wayanad","Pulpally","Coffee","Other","16/08/2023","14000","14200","14100","2023-11-05"
"Kerala","Wayanad","Pulpally","Coffee","Other","17/08/2023","14000","14200","14100","2023-11-05"
"Kerala","Wayanad","Pulpally","Coffee","Other","18/08/2023","13900","14100","14000","2023-11-05"
"Kerala","Wayanad","Pulpally","Coffee","Other","20/08/2023","13100","13300","13200","2023-11-05"
"Kerala","Wayanad","Pulpally","Coffee","Other","21/08/2023","13400","13600","13500","2023-11-05"
"Kerala","Wayanad","Pulpally","Coffee","Other","23/08/2023","13600","13800","13700","2023-11-05"
"Kerala","Wayanad","Pulpally","Coffee","Other","24/08/2023","13600","13800","13700","2023-11-05"
"Kerala","Wayanad","Pulpally","Coffee","Other","25/08/2023","13700","13900","13800","2023-11-05"
"Kerala","Wayanad","Pulpally","Coffee","Other","26/08/2023","13800","14000","13900","2023-11-05"
"Kerala","Wayanad","Pulpally","Coffee","Other","01/09/2023","13600","13800","13700","2023-11-05"
"Kerala","Wayanad","Pulpally","Coffee","Other","02/09/2023","13200","13400","13300","2023-11-05"
"Kerala","Wayanad","Pulpally","Coffee","Other","04/09/2023","12900","13100","13000","2023-11-05"
"Kerala","Wayanad","Pulpally","Coffee","Other","05/09/2023","12800","13000","12900","2023-11-05"
"Kerala","Wayanad","Pulpally","Coffee","Other","07/09/2023","12500","12700","12600","2023-11-05"
"Kerala","Wayanad","Pulpally","Coffee","Other","08/09/2023","12600","12800","12700","2023-11-05"
"Kerala","Wayanad","Pulpally","Coffee","Other","11/09/2023","12600","12800","12700","2023-11-05"
"Kerala","Wayanad","Pulpally","Coffee","Other","12/09/2023","12800","13000","12900","2023-11-05"
"Kerala","Wayanad","Pulpally","Coffee","Other","13/09/2023","12800","13000","12900","2023-11-05"
"Kerala","Wayanad","Pulpally","Coffee","Other","14/09/2023","13600","13800","13700","2023-11-05"
"Kerala","Wayanad","Pulpally","Coffee","Other","15/09/2023","13200","13400","13300","2023-11-05"
"Kerala","Wayanad","Pulpally","Coffee","Other","19/09/2023","13200","13400","13300","2023-11-05"
"Kerala","Wayanad","Pulpally","Coffee","Other","20/09/2023","13200","13400","13300","2023-11-05"
"Kerala","Wayanad","Pulpally","Coffee","Other","21/09/2023","13100","13300","13200","2023-11-05"
"Kerala","Wayanad","Pulpally","Coffee","Other","22/09/2023","13100","13300","13200","2023-11-05"
"Kerala","Wayanad","Pulpally","Coffee","Other","25/09/2023","13200","13400","13300","2023-11-05"
"Kerala","Wayanad","Pulpally","Coffee","Other","26/09/2023","13100","13300","13200","2023-11-05"
"Kerala","Wayanad","Pulpally","Coffee","Other","27/09/2023","12600","12800","12700","2023-11-05"
"Kerala","Wayanad","Pulpally","Coffee","Other","28/09/2023","13200","13400","13300","2023-11-05"
"Kerala","Wayanad","Pulpally","Coffee","Other","29/09/2023","13000","13100","13100","2023-11-05"
"Kerala","Wayanad","Pulpally","Coffee","Other","03/10/2023","13200","13400","13300","2023-11-05"
"Kerala","Wayanad","Pulpally","Coffee","Other","04/10/2023","13200","13400","13300","2023-11-05"
"Kerala","Wayanad","Pulpally","Coffee","Other","05/10/2023","13100","13300","13200","2023-11-05"
"Kerala","Wayanad","Pulpally","Coffee","Other","07/10/2023","13100","13200","13200","2023-11-05"
"Kerala","Wayanad","Pulpally","Coffee","Other","09/10/2023","12800","13000","12900","2023-11-05"
"Kerala","Wayanad","Pulpally","Coffee","Other","10/10/2023","12900","13100","13000","2023-11-05"
"Kerala","Wayanad","Pulpally","Coffee","Other","13/10/2023","13600","13800","13700","2023-11-05"
"Kerala","Wayanad","Pulpally","Coffee","Other","16/10/2023","12800","13000","12900","2023-11-05"
"Kerala","Wayanad","Pulpally","Coffee","Other","17/10/2023","13300","13500","13400","2023-11-05"
"Kerala","Wayanad","Pulpally","Coffee","Other","18/10/2023","13300","13500","13400","2023-11-05"
"Kerala","Wayanad","Pulpally","Coffee","Other","19/10/2023","13100","13300","13200","2023-11-05"
"Kerala","Wayanad","Pulpally","Coffee","Other","20/10/2023","13300","13500","13400","2023-11-05"
"Kerala","Wayanad","Pulpally","Coffee","Other","21/10/2023","13200","13400","13300","2023-11-05"
"Kerala","Wayanad","Pulpally","Coffee","Other","25/10/2023","13200","13400","13300","2023-11-05"
"Kerala","Wayanad","Pulpally","Coffee","Other","26/10/2023","13100","13300","13200","2023-11-05"
"Kerala","Wayanad","Pulpally","Coffee","Other","30/10/2023","13200","13400","13300","2023-11-05"
"Kerala","Wayanad","Pulpally","Coffee","Other","31/10/2023","13200","13400","13300","2023-11-05"
"Kerala","Wayanad","Pulpally","Coffee","Other","01/11/2023","13200","13400","13300","2023-11-05"
"Kerala","Wayanad","Pulpally","Coffee","Other","02/11/2023","13100","13300","13200","2023-11-05"
"Kerala","Wayanad","Pulpally","Coffee","Other","03/11/2023","13200","13400","13300","2023-11-05"
"Kerala","Wayanad","Pulpally","Coffee","Other","04/11/2023","13100","13300","13200","2023-11-05"
"Kerala","Wayanad","Sultan bathery","Coffee","Other","12/01/2023","8900","9200","9000","2023-11-05"
"Kerala","Wayanad","Sultan bathery","Coffee","Other","13/01/2023","8900","9200","9000","2023-11-05"
"Kerala","Wayanad","Sultan bathery","Coffee","Other","16/01/2023","9000","9200","9100","2023-11-05"
"Kerala","Wayanad","Sultan bathery","Coffee","Other","17/01/2023","9300","9400","9400","2023-11-05"
"Kerala","Wayanad","Sultan bathery","Coffee","Other","18/01/2023","9300","9400","9400","2023-11-05"
"Kerala","Wayanad","Sultan bathery","Coffee","Other","19/01/2023","9300","9400","9400","2023-11-05"
"Kerala","Wayanad","Sultan bathery","Coffee","Other","20/01/2023","9300","9400","9400","2023-11-05"
"Kerala","Wayanad","Sultan bathery","Coffee","Other","23/01/2023","9300","9400","9400","2023-11-05"
"Kerala","Wayanad","Sultan bathery","Coffee","Other","24/01/2023","9400","9500","9450","2023-11-05"
"Kerala","Wayanad","Sultan bathery","Coffee","Other","25/01/2023","9300","9400","9400","2023-11-05"
"Kerala","Wayanad","Sultan bathery","Coffee","Other","28/01/2023","9400","9500","9500","2023-11-05"
"Kerala","Wayanad","Sultan bathery","Coffee","Other","01/02/2023","9500","9700","9600","2023-11-05"
"Kerala","Wayanad","Sultan bathery","Coffee","Other","06/02/2023","9500","9600","9600","2023-11-05"
"Kerala","Wayanad","Sultan bathery","Coffee","Other","17/02/2023","10700","10800","10800","2023-11-05"
"Kerala","Wayanad","Sultan bathery","Coffee","Other","20/02/2023","10700","10800","10800","2023-11-05"
"Kerala","Wayanad","Sultan bathery","Coffee","Other","22/02/2023","10800","11000","10900","2023-11-05"
"Kerala","Wayanad","Sultan bathery","Coffee","Other","23/02/2023","11000","11200","11100","2023-11-05"
"Kerala","Wayanad","Sultan bathery","Coffee","Other","01/03/2023","11100","11200","11200","2023-11-05"
"Kerala","Wayanad","Sultan bathery","Coffee","Other","02/03/2023","11400","11500","11500","2023-11-05"
"Kerala","Wayanad","Sultan bathery","Coffee","Other","03/03/2023","11400","11500","11500","2023-11-05"
"Kerala","Wayanad","Sultan bathery","Coffee","Other","04/03/2023","11400","11500","11500","2023-11-05"
"Kerala","Wayanad","Sultan bathery","Coffee","Other","08/03/2023","11400","11500","11500","2023-11-05"
"Kerala","Wayanad","Sultan bathery","Coffee","Other","14/03/2023","10800","11000","10900","2023-11-05"
"Kerala","Wayanad","Sultan bathery","Coffee","Other","15/03/2023","10900","11000","11000","2023-11-05"
"Kerala","Wayanad","Sultan bathery","Coffee","Other","16/03/2023","10300","10500","10400","2023-11-05"
"Kerala","Wayanad","Sultan bathery","Coffee","Other","17/03/2023","10400","10500","10500","2023-11-05"
"Kerala","Wayanad","Sultan bathery","Coffee","Other","22/03/2023","10600","10700","10700","2023-11-05"
"Kerala","Wayanad","Sultan bathery","Coffee","Other","23/03/2023","10400","10600","10500","2023-11-05"
"Kerala","Wayanad","Sultan bathery","Coffee","Other","24/03/2023","10300","10500","10400","2023-11-05"
"Kerala","Wayanad","Sultan bathery","Coffee","Other","28/03/2023","10500","10600","10600","2023-11-05"
"Kerala","Wayanad","Sultan bathery","Coffee","Other","12/04/2023","18000","20000","19000","2023-11-05"
"Kerala","Wayanad","Sultan bathery","Coffee","Other","19/04/2023","12200","12300","12300","2023-11-05"
"Kerala","Wayanad","Sultan bathery","Coffee","Other","29/05/2023","22400","22600","22500","2023-11-05"
"Kerala","Wayanad","Sultan bathery","Coffee","Other","31/05/2023","22900","23000","22900","2023-11-05"
"Kerala","Wayanad","Sultan bathery","Coffee","Other","01/06/2023","22800","23000","22900","2023-11-05"
"Kerala","Wayanad","Sultan bathery","Coffee","Other","02/06/2023","23000","23200","23100","2023-11-05"
"Kerala","Wayanad","Sultan bathery","Coffee","Other","03/06/2023","22800","23000","22900","2023-11-05"
"Kerala","Wayanad","Sultan bathery","Coffee","Other","05/06/2023","23000","23100","23100","2023-11-05"
"Kerala","Wayanad","Sultan bathery","Coffee","Other","06/06/2023","22900","23000","23000","2023-11-05"
"Kerala","Wayanad","Sultan bathery","Coffee","Other","07/06/2023","23000","23100","23100","2023-11-05"
"Kerala","Wayanad","Sultan bathery","Coffee","Other","08/06/2023","23000","23100","23100","2023-11-05"
"Kerala","Wayanad","Sultan bathery","Coffee","Other","09/06/2023","22900","23100","23000","2023-11-05"
"Kerala","Wayanad","Sultan bathery","Coffee","Other","10/06/2023","22900","23000","23000","2023-11-05"
"Kerala","Wayanad","Sultan bathery","Coffee","Other","12/06/2023","22800","23000","22900","2023-11-05"
"Kerala","Wayanad","Sultan bathery","Coffee","Other","13/06/2023","23800","24000","23900","2023-11-05"
"Kerala","Wayanad","Sultan bathery","Coffee","Other","14/06/2023","23000","23200","23100","2023-11-05"
"Kerala","Wayanad","Sultan bathery","Coffee","Other","15/06/2023","23000","23200","23100","2023-11-05"
"Kerala","Wayanad","Sultan bathery","Coffee","Other","16/06/2023","13700","13800","13800","2023-11-05"
"Kerala","Wayanad","Sultan bathery","Coffee","Other","19/06/2023","14100","14200","14200","2023-11-05"
"Kerala","Wayanad","Sultan bathery","Coffee","Other","20/06/2023","14100","14200","14200","2023-11-05"
"Kerala","Wayanad","Sultan bathery","Coffee","Other","21/06/2023","14100","14200","14200","2023-11-05"
"Kerala","Wayanad","Sultan bathery","Coffee","Other","22/06/2023","14000","14200","14100","2023-11-05"
"Kerala","Wayanad","Sultan bathery","Coffee","Other","24/06/2023","14300","14500","14400","2023-11-05"
"Kerala","Wayanad","Sultan bathery","Coffee","Other","26/06/2023","14100","14300","14200","2023-11-05"
"Kerala","Wayanad","Sultan bathery","Coffee","Other","01/07/2023","14300","14500","14400","2023-11-05"
"Kerala","Wayanad","Sultan bathery","Coffee","Other","04/07/2023","12900","13000","13000","2023-11-05"
"Kerala","Wayanad","Sultan bathery","Coffee","Other","05/07/2023","12800","13000","12900","2023-11-05"
"Kerala","Wayanad","Sultan bathery","Coffee","Other","06/07/2023","12800","13000","12900","2023-11-05"
"Kerala","Wayanad","Sultan bathery","Coffee","Other","07/07/2023","12900","13000","13000","2023-11-05"
"Kerala","Wayanad","Sultan bathery","Coffee","Other","11/07/2023","13700","14000","13900","2023-11-05"
"Kerala","Wayanad","Sultan bathery","Coffee","Other","12/07/2023","12900","13000","13000","2023-11-05"
"Kerala","Wayanad","Sultan bathery","Coffee","Other","19/07/2023","13200","13400","13300","2023-11-05"
"Kerala","Wayanad","Sultan bathery","Coffee","Other","20/07/2023","13200","13300","13300","2023-11-05"
"Kerala","Wayanad","Sultan bathery","Coffee","Other","21/07/2023","13300","13500","13400","2023-11-05"
"Kerala","Wayanad","Sultan bathery","Coffee","Other","02/11/2023","13300","13400","13400","2023-11-05"
